{
  "loss": [
    0.6595788227766591,
    0.6035739044251699,
    0.5631341753729272,
    0.5258617225082994,
    0.4919025393440342,
    0.46294195338092115,
    0.4389874838669379,
    0.41851442404194494,
    0.40113836135161923,
    0.38628534355513516,
    0.3733427159487073,
    0.362045271091884,
    0.3518782092098922,
    0.3426256618821671,
    0.33410835888328844,
    0.32610857570320395,
    0.31855792702160235,
    0.3112057031722061,
    0.3040517617752881,
    0.29698771699211235,
    0.2897041974227492,
    0.28243799959661275,
    0.27575810234965553,
    0.2693524684397217,
    0.2629204544570386,
    0.2564724861344774,
    0.2501053553209184,
    0.24347222911035013,
    0.23669150372981726,
    0.2302080079785851,
    0.22381926310429212,
    0.21759348079079555,
    0.2116008601988116,
    0.20560580150092334,
    0.1997920042169823,
    0.19423459204568508,
    0.18855894703861228,
    0.18308866720629124
  ],
  "val_loss": [
    0.6664299248875574,
    0.5908317058970177,
    0.5286314342008253,
    0.47780435418782574,
    0.4372607735068161,
    0.4062530098179527,
    0.3826920338750236,
    0.36539492201987334,
    0.3542043216289392,
    0.34638058135367744,
    0.3397921035547866,
    0.33383599104531386,
    0.32885472774304136,
    0.325154460369981,
    0.32171387227589343,
    0.3187681632522701,
    0.3161787439617731,
    0.31390230988832546,
    0.31255887275029065,
    0.3117877418180277,
    0.3104532187087868,
    0.30949717451952424,
    0.3093589368028597,
    0.30955494992851884,
    0.30815297385979135,
    0.30623612167960307,
    0.3060262508228387,
    0.30473416681859433,
    0.30478956766213533,
    0.30690818944276943,
    0.3081940140517561,
    0.3086526882192788,
    0.3117056400081534,
    0.3106423289186581,
    0.31054559853838215,
    0.31494171661805637,
    0.31290488293529994,
    0.3138851210888471
  ],
  "accuracy": [
    0.65625,
    0.7291666666666666,
    0.765625,
    0.78125,
    0.7864583333333334,
    0.7760416666666666,
    0.7760416666666666,
    0.7864583333333334,
    0.8177083333333334,
    0.84375,
    0.84375,
    0.8489583333333334,
    0.859375,
    0.859375,
    0.8645833333333334,
    0.8697916666666666,
    0.875,
    0.8802083333333334,
    0.8802083333333334,
    0.8802083333333334,
    0.8958333333333334,
    0.8958333333333334,
    0.8958333333333334,
    0.8958333333333334,
    0.8958333333333334,
    0.90625,
    0.90625,
    0.9166666666666666,
    0.921875,
    0.9270833333333334,
    0.9322916666666666,
    0.9322916666666666,
    0.9375,
    0.9427083333333334,
    0.9427083333333334,
    0.9427083333333334,
    0.9427083333333334,
    0.9427083333333334
  ],
  "val_accuracy": [
    0.5918367346938775,
    0.7755102040816326,
    0.8367346938775511,
    0.8571428571428571,
    0.8367346938775511,
    0.8571428571428571,
    0.8571428571428571,
    0.8163265306122449,
    0.8367346938775511,
    0.8571428571428571,
    0.8571428571428571,
    0.8571428571428571,
    0.8571428571428571,
    0.8571428571428571,
    0.8571428571428571,
    0.8571428571428571,
    0.8571428571428571,
    0.8571428571428571,
    0.8367346938775511,
    0.8163265306122449,
    0.8163265306122449,
    0.8163265306122449,
    0.8163265306122449,
    0.8367346938775511,
    0.8367346938775511,
    0.8367346938775511,
    0.8367346938775511,
    0.8367346938775511,
    0.8367346938775511,
    0.8367346938775511,
    0.8367346938775511,
    0.8571428571428571,
    0.8571428571428571,
    0.8571428571428571,
    0.8571428571428571,
    0.8571428571428571,
    0.8571428571428571,
    0.8571428571428571
  ]
}