{
  "accuracy": 0.7377049180327869,
  "precision": 0.7575757575757576,
  "recall": 0.7575757575757576,
  "f1_score": 0.7575757575757576,
  "roc_auc": 0.8495670995670996
}